User Link,Followers Count,Likes Count,Views Count for Last 5 Videos,Video Details for Last 5 Videos
https://www.tiktok.com/@ivarsijabs,31.4K,455.1K,"253.7K, 78.1K, 10.3K, 7119, 44.9K","https://www.tiktok.com/@ivarsijabs/video/7306515743045209377: 8888, https://www.tiktok.com/@ivarsijabs/video/7315061518754696480: 4684, https://www.tiktok.com/@ivarsijabs/video/7314690354408705312: 354"
https://www.tiktok.com/@buff_rider,6622,78.2K,"15.2K, 82.9K, 54.1K, 6204, 15.9K","https://www.tiktok.com/@buff_rider/video/7048601404914650374: 305, https://www.tiktok.com/@buff_rider/video/7050313401322540294: 1471, https://www.tiktok.com/@buff_rider/video/6896997773854444801: 9650"
https://www.tiktok.com/@buff_rider,6622,78.2K,"15.2K, 82.9K, 54.1K, 6204, 15.9K","https://www.tiktok.com/@buff_rider/video/7048601404914650374: 305, https://www.tiktok.com/@buff_rider/video/7050313401322540294: 1471, https://www.tiktok.com/@buff_rider/video/6896997773854444801: 9650"
https://www.tiktok.com/@zanekursheva,6952,154.3K,"540, 557, 816, 782, 376","https://www.tiktok.com/@zanekursheva/video/7313244106703113505: 31, https://www.tiktok.com/@zanekursheva/video/7313176912359181600: 21, https://www.tiktok.com/@zanekursheva/video/7313128370290691360: 21"
https://www.tiktok.com/@masaki_nakagawa_official,34.6K,400.9K,"297.2K, 407.4K, 425.5K, 8402, 16K","https://www.tiktok.com/@masaki_nakagawa_official/video/7289041182586440962: 18.4K, https://www.tiktok.com/@masaki_nakagawa_official/video/7263085249863732498: 27.8K, https://www.tiktok.com/@masaki_nakagawa_official/video/7262674677053623570: 26.1K"
https://www.tiktok.com/@latvijasvate,1019,6051,"8908, 7055, 4541, 2613, 2382","https://www.tiktok.com/@latvijasvate/video/7313617990136728865: 202, https://www.tiktok.com/@latvijasvate/video/7311251778236927264: 235, https://www.tiktok.com/@latvijasvate/video/7310830519271378209: 191"
https://www.tiktok.com/@ebaniys,3636,73.9K,"333.7K, 16.2K, 2211, 41.7K, 41K","https://www.tiktok.com/@ebaniys/video/7058685219305557254: 12.5K, https://www.tiktok.com/@ebaniys/video/7208576981862976795: 457, https://www.tiktok.com/@ebaniys/video/7208246506984361221: 116"
https://www.tiktok.com/@esterebindre,9426,288.8K,"15.6K, 50.7K, 5354, 26.5K, 44.1K","https://www.tiktok.com/@esterebindre/video/7311805829827644705: 1092, https://www.tiktok.com/@esterebindre/video/7311370072470113569: 3835, https://www.tiktok.com/@esterebindre/video/7310274216727743777: 410"
https://www.tiktok.com/@miana_mel,33.3K,1.3M,"94.7K, 125.2K, 178.5K, 16K, 11.8K","https://www.tiktok.com/@miana_mel/video/7307280431035075873: 7739, https://www.tiktok.com/@miana_mel/video/7301727283574803744: 9490, https://www.tiktok.com/@miana_mel/video/7291676207144389920: 11.8K"
https://www.tiktok.com/@fallang_official,5069,54.2K,"1497, 2203, 710, 2112, 988","https://www.tiktok.com/@fallang_official/video/7315140744254065952: 116, https://www.tiktok.com/@fallang_official/video/7315039531999317281: 206, https://www.tiktok.com/@fallang_official/video/7314932750413417761: 73"
https://www.tiktok.com/@fallang_official,5069,54.2K,"1498, 2203, 710, 2113, 988","https://www.tiktok.com/@fallang_official/video/7315140744254065952: 116, https://www.tiktok.com/@fallang_official/video/7315039531999317281: 206, https://www.tiktok.com/@fallang_official/video/7314932750413417761: 73"
https://www.tiktok.com/@miana_mel,33.3K,1.3M,"94.7K, 125.2K, 178.5K, 16K, 11.8K","https://www.tiktok.com/@miana_mel/video/7307280431035075873: 7739, https://www.tiktok.com/@miana_mel/video/7301727283574803744: 9490, https://www.tiktok.com/@miana_mel/video/7291676207144389920: 11.8K"
https://www.tiktok.com/@viola__karp,155,5180,"57.3K, 4990, 1870, 441, 1306","https://www.tiktok.com/@viola__karp/video/7312958417549675782: 4196, https://www.tiktok.com/@viola__karp/video/7243718586299092229: 38, https://www.tiktok.com/@viola__karp/video/7226085169285958918: 96"
https://www.tiktok.com/@sofijaninness,2370,214.7K,"115.7K, 928.1K, 387, 663, 4084","https://www.tiktok.com/@sofijaninness/video/7240924028217855278: 106K, https://www.tiktok.com/@sofijaninness/video/7305931891046354222: 174, https://www.tiktok.com/@sofijaninness/video/7284003430438407470: 588"
https://www.tiktok.com/@user435633282959,146,22.8K,"1299, 319, 1174, 309.9K, 28.5K","https://www.tiktok.com/@user435633282959/video/7308834636594040096: 25, https://www.tiktok.com/@user435633282959/video/7308831466220277024: 5, https://www.tiktok.com/@user435633282959/video/7306462064925625632: 21.2K"
https://www.tiktok.com/@edijsvp,9027,206.9K,"71.9K, 74.1K, 148.8K, 10.9K, 1200","https://www.tiktok.com/@edijsvp/video/7153312507434650886: 6459, https://www.tiktok.com/@edijsvp/video/7141264741527211269: 3848, https://www.tiktok.com/@edijsvp/video/7134991409123200261: 15.4K"
https://www.tiktok.com/@christmaschannel18,93.8K,3.6M,"201.7K, 27.5M, 384.2K, 2041, 1780","https://www.tiktok.com/@christmaschannel18/video/7285027085297405216: 13K, https://www.tiktok.com/@christmaschannel18/video/7277478988199595296: 3.4M, https://www.tiktok.com/@christmaschannel18/video/7286370100838403361: 28.7K"
https://www.tiktok.com/@khrystyna_trainer,8155,111.8K,"2866, 117.8K, 224.5K, 2401, 10.7K","https://www.tiktok.com/@khrystyna_trainer/video/7311031734261255430: 98, https://www.tiktok.com/@khrystyna_trainer/video/7294308796241808645: 8079, https://www.tiktok.com/@khrystyna_trainer/video/7282788873657126150: 11K"
https://www.tiktok.com/@sofijaninness,2370,214.7K,"115.7K, 928.1K, 387, 663, 4084","https://www.tiktok.com/@sofijaninness/video/7240924028217855278: 106K, https://www.tiktok.com/@sofijaninness/video/7305931891046354222: 174, https://www.tiktok.com/@sofijaninness/video/7284003430438407470: 588"
https://www.tiktok.com/@maria_christinx,338,3798,"834, 358, 45.5K, 685, 1007","https://www.tiktok.com/@maria_christinx/video/7302921787275267360: 51, https://www.tiktok.com/@maria_christinx/video/7279894766190464288: 23, https://www.tiktok.com/@maria_christinx/video/7278732839032491297: 2618"
https://www.tiktok.com/@abbieadventures,1249,93K,"143.1K, 195.9K, 68.5K, 1210, 669","https://www.tiktok.com/@abbieadventures/video/7298685153721716001: 26.6K, https://www.tiktok.com/@abbieadventures/video/7275790857305984288: 2787, https://www.tiktok.com/@abbieadventures/video/7314300906873376032: 77"
https://www.tiktok.com/@user435633282959,146,22.8K,"1299, 319, 1174, 309.9K, 28.5K","https://www.tiktok.com/@user435633282959/video/7308834636594040096: 25, https://www.tiktok.com/@user435633282959/video/7308831466220277024: 5, https://www.tiktok.com/@user435633282959/video/7306462064925625632: 21.2K"
https://www.tiktok.com/@christmaschannel18,93.8K,3.6M,"201.7K, 27.5M, 384.2K, 2041, 1780","https://www.tiktok.com/@christmaschannel18/video/7285027085297405216: 13K, https://www.tiktok.com/@christmaschannel18/video/7277478988199595296: 3.4M, https://www.tiktok.com/@christmaschannel18/video/7286370100838403361: 28.7K"
https://www.tiktok.com/@nilushakov,25.1K,280.3K,"205.3K, 99.4K, 469.5K, 16.9K, 14.6K","https://www.tiktok.com/@nilushakov/video/7278689392787541280: 7558, https://www.tiktok.com/@nilushakov/video/7305772628466322721: 3822, https://www.tiktok.com/@nilushakov/video/7311346295527148832: 11.7K"
https://www.tiktok.com/@ivarsijabs,31.4K,455.1K,"253.7K, 78.3K, 10.3K, 7122, 44.9K","https://www.tiktok.com/@ivarsijabs/video/7306515743045209377: 8888, https://www.tiktok.com/@ivarsijabs/video/7315061518754696480: 4706, https://www.tiktok.com/@ivarsijabs/video/7314690354408705312: 354"
https://www.tiktok.com/@viola__karp,155,5180,"57.3K, 4990, 1870, 441, 1306","https://www.tiktok.com/@viola__karp/video/7312958417549675782: 4196, https://www.tiktok.com/@viola__karp/video/7243718586299092229: 38, https://www.tiktok.com/@viola__karp/video/7226085169285958918: 96"
https://www.tiktok.com/@edijsvp,9027,206.9K,"71.9K, 74.1K, 148.8K, 11K, 1201","https://www.tiktok.com/@edijsvp/video/7153312507434650886: 6459, https://www.tiktok.com/@edijsvp/video/7141264741527211269: 3848, https://www.tiktok.com/@edijsvp/video/7134991409123200261: 15.4K"
